Date,Active Energy,Flights Climbed,Step Count,Walking + Running Distance
2020-06-08,,,803.0,0.51917
2020-06-09,,,376.0,0.25566
2020-06-10,,,9984.0,6.8347299999999995
2020-06-11,,1.0,3594.0,2.323159
2020-06-12,,6.0,3108.0,2.02211
2020-06-13,,7.0,3332.0,2.15482
2020-06-14,,5.0,5726.0,3.63207
2020-06-15,,10.0,5002.0,3.26955
2020-06-16,,,1547.0,1.00537
2020-06-17,,,3657.0,2.30491
2020-06-18,,15.0,3745.0,2.36874
2020-06-19,,9.0,13220.0,8.47946
2020-06-20,,15.0,7313.0,4.73304
2020-06-21,,9.0,4049.0,2.7351199999999998
2020-06-22,,6.0,10133.0,6.50227
2020-06-23,,1.0,1572.0,1.03949
2020-06-24,,4.0,4298.0,2.69568
2020-06-25,,,1450.0,0.93517
2020-06-26,,4.0,6002.0,3.86345
2020-06-27,,13.0,15260.0,10.389206
2020-06-28,,14.0,3300.0,2.12453
2020-06-29,,15.0,8648.0,5.7861970000000005
2020-06-30,,11.0,15560.0,10.191453
2020-07-01,,10.0,7215.0,4.54467
2020-07-02,,6.0,3873.0,2.46533
2020-07-03,,1.0,3538.0,2.14269
2020-07-04,,,2500.0,1.66666
2020-07-05,,,2491.0,1.60581
2020-07-06,,1.0,2466.0,1.5423
2020-07-07,,,3256.0,2.07647
2020-07-08,,,2997.0,1.96746
2020-07-09,,,1531.0,0.99015
2020-07-10,,,3218.0,2.08768
2020-07-11,,16.0,8624.0,5.51797
2020-07-12,,14.0,5257.0,3.491362
2020-07-13,,13.0,3927.0,2.47987
2020-07-14,,8.0,10100.0,6.990343
2020-07-15,,10.0,12929.0,8.50172
2020-07-16,,11.0,11439.0,7.5058715000000005
2020-07-17,,15.0,5196.0,3.433756
2020-07-18,,16.0,4853.0,3.097726
2020-07-19,,13.0,7348.0,4.8967382
2020-07-20,,12.0,3518.0,2.244923
2020-07-21,,8.0,8062.0,5.162624
2020-07-22,,17.0,5791.0,3.76892
2020-07-23,,10.0,4584.0,3.04867
2020-07-24,,10.0,6359.0,4.179452
2020-07-25,,9.0,12119.0,7.910813
2020-07-26,,12.0,5337.0,3.54045
2020-07-27,,10.0,4483.0,2.85092
2020-07-28,,10.0,1765.0,1.16289
2020-07-29,,6.0,3736.0,2.32921
2020-07-30,,12.0,2783.0,1.78186
2020-07-31,,7.0,2017.0,1.30603
2020-08-01,,7.0,5275.0,3.3508999999999998
2020-08-02,,11.0,4487.0,2.87118
2020-08-03,,18.0,5894.0,3.67333
2020-08-04,,,6374.0,4.07756
2020-08-05,,1.0,6748.0,4.34597
2020-08-06,,,1172.0,0.74665
2020-08-07,,6.0,5460.0,3.75256
2020-08-08,,15.0,4183.0,2.71667
2020-08-09,,9.0,3441.0,2.2340400000000002
2020-08-10,,7.0,5371.0,3.30356
2020-08-11,,1.0,2173.0,1.35453
2020-08-12,,,1853.0,1.16364
2020-08-13,,9.0,6602.0,4.26544
2020-08-14,,5.0,2429.0,1.57907
2020-08-15,,8.0,928.0,0.62076
2020-08-16,,10.0,4131.0,2.762983
2020-08-17,,15.0,3957.0,2.61623
2020-08-18,,,1309.0,0.86565
2020-08-19,,,1305.0,0.86322
2020-08-20,,,2679.0,1.74025
2020-08-21,,,1255.0,0.81067
2020-08-22,,,1615.0,1.02377
2020-08-23,,,2642.0,1.60623
2020-08-24,,,2076.0,1.39395
2020-08-25,,,1161.0,0.75167
2020-08-26,,,2008.0,1.28985
2020-08-27,,,711.0,0.4819
2020-08-28,,2.0,2968.0,1.97942
2020-08-29,,5.0,4106.0,2.740621
2020-08-30,,4.0,3361.0,2.179523
2020-08-31,,,1639.0,1.04472
2020-09-01,,,1196.0,0.7871900000000001
2020-09-02,,,1724.0,1.10781
2020-09-03,,1.0,2401.0,1.54702
2020-09-04,,2.0,3508.0,2.27037
2020-09-05,,7.0,7239.0,4.7002
2020-09-06,,9.0,3633.0,2.35895
2020-09-07,,,1492.0,0.94579
2020-09-08,,,2751.0,1.76301
2020-09-09,,,1825.0,1.21799
2020-09-10,,,1791.0,1.15199
2020-09-11,,4.0,4614.0,3.01927
2020-09-12,,11.0,3628.0,2.46182
2020-09-13,,8.0,4755.0,3.18807
2020-09-14,,,1726.0,1.1676900000000001
2020-09-15,,3.0,2622.0,1.71406
2020-09-16,,,3107.0,2.0417
2020-09-17,,,1994.0,1.2888
2020-09-18,,,4107.0,2.87049
2020-09-19,,7.0,2845.0,1.89459
2020-09-20,,9.0,4377.0,2.84511
2020-09-21,,,1049.0,0.69133
2020-09-22,,1.0,1641.0,1.02603
2020-09-23,,,3938.0,2.59339
2020-09-24,,,1560.0,1.02904
2020-09-25,,,247.0,0.16438
2020-09-26,,3.0,2206.0,1.42761
2020-09-27,,,1178.0,0.77713
2020-09-28,,,714.0,0.47298
2020-09-29,,,788.0,0.51637
2020-09-30,,1.0,3025.0,1.97813
2020-10-01,,,1974.0,1.32063
2020-10-02,,,2287.0,1.51304
2020-10-03,,3.0,2993.0,2.01321
2020-10-04,,1.0,1583.0,1.02783
2020-10-05,,,1102.0,0.7007099999999999
2020-10-06,,,2656.0,1.83172
2020-10-07,,2.0,3143.0,2.10465
2020-10-08,,,1350.0,0.90427
2020-10-09,,,4306.0,2.99134
2020-10-10,,1.0,2442.0,1.55707
2020-10-11,,,2257.0,1.48653
2020-10-12,,,891.0,0.60089
2020-10-13,,2.0,2495.0,1.56339
2020-10-14,,,2241.0,1.39268
2020-10-15,,3.0,1467.0,0.97271
2020-10-16,,1.0,2577.0,1.6615
2020-10-17,,,3634.0,2.25291
2020-10-18,,,8848.0,5.55187
2020-10-19,,,1233.0,0.82926
2020-10-20,,,1801.0,1.19714
2020-10-21,,,2595.0,1.61336
2020-10-22,,1.0,5367.0,3.36006
2020-10-23,,,1423.0,0.91592
2020-10-24,,,2574.0,1.68253
2020-10-25,,,1570.0,1.01825
2020-10-26,,,1526.0,1.01726
2020-10-27,,,1372.0,0.88275
2020-10-28,,,3226.0,2.06283
2020-10-29,,,715.0,0.47397
2020-10-30,,6.0,3123.0,1.9541
2020-10-31,,,3115.0,2.05503
2020-11-01,,,1639.0,1.03454
2020-11-02,,,931.0,0.59898
2020-11-03,,,1019.0,0.69592
2020-11-04,,,1945.0,1.29432
2020-11-05,,,1998.0,1.29272
2020-11-06,,3.0,1800.0,1.2125
2020-11-07,,,5145.0,3.29853
2020-11-08,,1.0,1778.0,1.18971
2020-11-09,,2.0,3869.0,2.54033
2020-11-10,,3.0,3054.0,1.93533
2020-11-11,,4.0,6127.0,3.8989
2020-11-12,,3.0,2441.0,1.56207
2020-11-13,,5.0,4335.0,2.92107
2020-11-14,,2.0,3196.0,2.0593500000000002
2020-11-15,,,1050.0,0.69408
2020-11-16,,,1806.0,1.18852
2020-11-17,,2.0,1495.0,1.00959
2020-11-18,,,852.0,0.55591
2020-11-19,,,1614.0,1.06556
2020-11-20,,2.0,5672.0,3.8309
2020-11-21,,,1308.0,0.88191
2020-11-22,,,1601.0,1.04448
2020-11-23,,,1082.0,0.72232
2020-11-24,,3.0,2363.0,1.57489
2020-11-25,,1.0,1009.0,0.63317
2020-11-26,,,1267.0,0.8638399999999999
2020-11-27,,,1029.0,0.67803
2020-11-28,,,2916.0,1.91953
2020-11-29,,,1346.0,0.9687600000000001
2020-11-30,,,1365.0,0.89049
2020-12-01,,,1653.0,1.06467
2020-12-02,,,676.0,0.45783999999999997
2020-12-03,,,1497.0,1.01384
2020-12-04,,,1816.0,1.2273399999999999
2020-12-05,,,1355.0,0.8952
2020-12-06,,,1110.0,0.73683
2020-12-07,,,1608.0,1.07356
2020-12-08,,,1522.0,1.03143
2020-12-09,,,609.0,0.40873000000000004
2020-12-10,,,1404.0,0.8601
2020-12-11,,,856.0,0.55463
2020-12-12,,,831.0,0.53527
2020-12-13,,,1399.0,0.9376500000000001
2020-12-14,,,1011.0,0.6375299999999999
2020-12-15,,1.0,2393.0,1.6633
2020-12-16,,,167.0,0.11384
2020-12-17,,,721.0,0.49557999999999996
2020-12-18,,,282.0,0.171
2020-12-19,,,84.0,0.05535
2020-12-20,,,438.0,0.29632
2020-12-21,,,291.0,0.18070999999999998
2020-12-22,,,196.0,0.11783
2020-12-23,,,336.0,0.2191
2020-12-24,,,510.0,0.32961
2020-12-25,,,1388.0,0.9127299999999999
2020-12-26,,,926.0,0.58763
2020-12-27,,,1064.0,0.69596
2020-12-28,,,1268.0,0.84169
2020-12-29,,,1347.0,0.8542
2020-12-30,,,1147.0,0.71513
2020-12-31,,,2080.0,1.31963
2021-01-01,,,1278.0,0.8489
2021-01-02,,,830.0,0.55824
2021-01-03,,,720.0,0.4537
2021-01-04,,,1729.0,1.12423
2021-01-05,,,1975.0,1.3064
2021-01-06,,3.0,2570.0,1.66462
2021-01-07,,,1493.0,0.9456100000000001
2021-01-08,,,1265.0,0.79398
2021-01-09,,,1371.0,0.92445
2021-01-10,,,932.0,0.61508
2021-01-11,,,1530.0,1.02216
2021-01-12,,2.0,1983.0,1.2999100000000001
2021-01-13,,,1508.0,0.98746
2021-01-14,,,6203.0,4.10053
2021-01-15,,,4128.0,2.92309
2021-01-16,,,1797.0,1.17443
2021-01-17,,,2231.0,1.41049
2021-01-18,,,1561.0,0.99267
2021-01-19,,,1953.0,1.24796
2021-01-20,,3.0,2954.0,1.909453
2021-01-21,,,1059.0,0.68251
2021-01-22,,1.0,2891.0,1.98044
2021-01-23,,3.0,630.0,0.39914
2021-01-24,,,1022.0,0.65395
2021-01-25,,,1276.0,0.83238
2021-01-26,,,4392.0,2.64185
2021-01-27,,1.0,1233.0,0.77828
2021-01-28,,,1829.0,1.24645
2021-01-29,,2.0,3095.0,2.08319
2021-01-30,,,1708.0,1.14318
2021-01-31,,,589.0,0.39683
2021-02-01,,,1499.0,0.99305
2021-02-02,,5.0,4265.0,2.59301
2021-02-03,,6.0,3163.0,1.9857
2021-02-04,,4.0,3879.0,2.42618
2021-02-05,,,1508.0,0.96735
2021-02-06,,,490.0,0.33499999999999996
2021-02-07,,,1255.0,0.82348
2021-02-08,,,1101.0,0.77367
2021-02-09,,,2327.0,1.5142900000000001
2021-02-10,,,2073.0,1.36081
2021-02-11,,,1552.0,1.04715
2021-02-12,,,2500.0,1.54424
2021-02-13,,,1267.0,0.8347
2021-02-14,,,2404.0,1.52647
2021-02-15,,1.0,2144.0,1.43509
2021-02-16,,3.0,2074.0,1.3074
2021-02-17,,1.0,2406.0,1.56072
2021-02-18,,,2352.0,1.49387
2021-02-19,,,1400.0,0.91627
2021-02-20,,,1947.0,1.311
2021-02-21,,,1634.0,1.03372
2021-02-22,,,2345.0,1.49683
2021-02-23,,,5259.0,3.401668
2021-02-24,,,2033.0,1.2902500000000001
2021-02-25,,2.0,2649.0,1.7325
2021-02-26,,2.0,3902.0,2.40185
2021-02-27,,,2070.0,1.29931
2021-02-28,,,1237.0,0.80722
2021-03-01,,1.0,2538.0,1.6657
2021-03-02,,2.0,4334.0,3.073356
2021-03-03,,,3168.0,2.01179
2021-03-04,,3.0,3237.0,1.98011
2021-03-05,,,957.0,0.63918
2021-03-06,,4.0,6179.0,3.99101
2021-03-07,,13.0,3902.0,2.4642
2021-03-08,,,1619.0,1.0842100000000001
2021-03-09,,,5629.0,3.48807
2021-03-10,,,2295.0,1.44989
2021-03-11,,,2106.0,1.30718
2021-03-12,,3.0,2964.0,1.89821
2021-03-13,,4.0,5055.0,3.10652
2021-03-14,,,1605.0,1.07544
2021-03-15,,1.0,5297.0,3.56776
2021-03-16,,3.0,6228.0,3.92024
2021-03-17,,3.0,4545.0,2.90551
2021-03-18,,14.0,5720.0,3.57766
2021-03-19,,,1478.0,0.99725
2021-03-20,,2.0,4374.0,2.89173
2021-03-21,,,2090.0,1.35319
2021-03-22,,2.0,5493.0,3.6439600000000003
2021-03-23,,,1521.0,1.0156
2021-03-24,,2.0,4734.0,3.06135
2021-03-25,,2.0,2546.0,1.63749
2021-03-26,,7.0,2827.0,1.86235
2021-03-27,,,5993.0,3.79977
2021-03-28,,6.0,2371.0,1.46552
2021-03-29,,3.0,4359.0,2.65968
2021-03-30,,,4597.0,3.229
2021-03-31,,1.0,2505.0,1.62623
2021-04-01,,2.0,4244.0,2.77955
2021-04-02,,8.0,3991.0,2.53909
2021-04-03,,9.0,6119.0,3.98498
2021-04-04,,13.0,8493.0,5.1886
2021-04-05,,6.0,3214.0,1.9696699999999998
2021-04-06,,,876.0,0.57997
2021-04-07,,2.0,4421.0,2.8711699999999998
2021-04-08,,,2535.0,1.67439
2021-04-09,,3.0,4372.0,2.95537
2021-04-10,,,565.0,0.37645
2021-04-11,,,1283.0,0.79643
2021-04-12,,,1406.0,0.94848
2021-04-13,,,918.0,0.63155
2021-04-14,,2.0,6353.0,3.97362
2021-04-15,,,2735.0,1.73395
2021-04-16,,12.0,4339.0,2.82982
2021-04-17,,11.0,2138.0,1.38428
2021-04-18,,15.0,2915.0,1.76316
2021-04-19,,10.0,2433.0,1.57771
2021-04-20,,,1612.0,0.97602
2021-04-21,,,1564.0,0.97561
2021-04-22,,10.0,3701.0,2.27396
2021-04-23,,12.0,1801.0,1.18496
2021-04-24,,14.0,2076.0,1.30541
2021-04-25,,14.0,4877.0,3.19374
2021-04-26,,2.0,2459.0,1.57291
2021-04-27,,,1074.0,0.6934899999999999
2021-04-28,,,1658.0,1.06923
2021-04-29,,,6313.0,3.9645
2021-04-30,,1.0,2058.0,1.35294
2021-05-01,,,1119.0,0.72631
2021-05-02,,,1451.0,0.96688
2021-05-03,,,957.0,0.61864
2021-05-04,,,1354.0,0.90575
2021-05-05,,,693.0,0.45642
2021-05-06,,4.0,2607.0,1.68353
2021-05-07,,9.0,2542.0,1.62114
2021-05-08,,5.0,4295.0,2.8968000000000003
2021-05-09,,7.0,3209.0,2.05087
2021-05-10,,6.0,1725.0,1.14382
2021-05-11,,16.0,2205.0,1.46887
2021-05-12,,5.0,1767.0,1.1115
2021-05-13,,10.0,6248.0,4.15431
2021-05-14,,7.0,4793.0,3.12592
2021-05-15,,10.0,3529.0,2.24539
2021-05-16,,14.0,4903.0,3.01467
2021-05-17,,1.0,6439.0,4.362893
2021-05-18,,,925.0,0.55875
2021-05-19,,5.0,10503.0,6.63748
2021-05-20,,4.0,2928.0,1.89622
2021-05-21,,16.0,4722.0,2.96204
2021-05-22,,13.0,2201.0,1.42541
2021-05-23,,20.0,4311.0,2.7179699999999998
2021-05-24,,1.0,3231.0,1.9656
2021-05-25,,,1482.0,0.90542
2021-05-26,,2.0,1953.0,1.25717
2021-05-27,,,1336.0,0.82171
2021-05-28,,10.0,4854.0,3.03621
2021-05-29,,7.0,1663.0,1.06786
2021-05-30,,11.0,3498.0,2.2454300000000003
2021-05-31,,3.0,5168.0,3.53759
2021-06-01,,20.0,7571.0,5.11448
2021-06-02,,16.0,3397.0,2.40244
2021-06-03,,11.0,3282.0,2.07747
2021-06-04,,12.0,4262.0,2.89071
2021-06-05,,2.0,2436.0,1.6183400000000001
2021-06-06,,,2209.0,1.41747
2021-06-07,,16.0,5103.0,3.38085
2021-06-08,,15.0,8691.0,5.59473
2021-06-09,,10.0,3186.0,2.07959
2021-06-10,,14.0,6664.0,4.5346
2021-06-11,,13.0,6432.0,4.08301
2021-06-12,,9.0,3848.0,2.44826
2021-06-13,,13.0,5598.0,3.56788
2021-06-14,,12.0,3773.0,2.51225
2021-06-15,,14.0,7279.0,4.623687
2021-06-16,,11.0,5219.0,3.49057
2021-06-17,,13.0,5580.0,3.57424
2021-06-18,,17.0,7887.0,5.355118
2021-06-19,,29.0,9810.0,6.43192
2021-06-20,,11.0,1936.0,1.20512
2021-06-21,,4.0,6100.0,3.79959
2021-06-22,,9.0,4159.0,2.70165
2021-06-23,,7.0,6896.0,4.54302
2021-06-24,,11.0,3165.0,2.0171
2021-06-25,,,1360.0,0.87158
2021-06-26,,,1094.0,0.74741
2021-06-27,,,1023.0,0.66294
2021-06-28,,,1667.0,1.08232
2021-06-29,,,777.0,0.50187
2021-06-30,,,1018.0,0.65579
2021-07-01,,,954.0,0.62043
2021-07-02,,8.0,3994.0,2.54827
2021-07-03,,8.0,3063.0,1.96157
2021-07-04,,4.0,1390.0,0.87481
2021-07-05,,1.0,2713.0,1.70994
2021-07-06,,1.0,3964.0,2.39607
2021-07-07,,,982.0,0.63191
2021-07-08,,,1265.0,0.81358
2021-07-09,,1.0,4175.0,2.7198700000000002
2021-07-10,,5.0,3752.0,2.35396
2021-07-11,,9.0,1966.0,1.27958
2021-07-12,,1.0,2837.0,1.71908
2021-07-13,,,1488.0,0.98017
2021-07-14,,8.0,4880.0,3.12597
2021-07-15,,3.0,5270.0,3.18186
2021-07-16,,,2296.0,1.47699
2021-07-17,,,3800.0,2.34025
2021-07-18,,6.0,3604.0,2.22094
2021-07-19,,,1361.0,0.88376
2021-07-20,,2.0,4466.0,2.86441
2021-07-21,,,5086.0,3.03303
2021-07-22,,,2339.0,1.44657
2021-07-23,,,2332.0,1.43545
2021-07-24,,7.0,6644.0,4.1112400000000004
2021-07-25,,5.0,2363.0,1.4643
2021-07-26,,,1850.0,1.21971
2021-07-27,,2.0,3645.0,2.32334
2021-07-28,,,1793.0,1.2171
2021-07-29,,,3054.0,1.95296
2021-07-30,,4.0,4359.0,2.90591
2021-07-31,,12.0,2595.0,1.63971
2021-08-01,,9.0,2645.0,1.70484
2021-08-02,,9.0,3565.0,2.26859
2021-08-03,,12.0,3874.0,2.4920400000000003
2021-08-04,,18.0,2905.0,1.93177
2021-08-05,,13.0,3749.0,2.40951
2021-08-06,,2.0,2698.0,1.72689
2021-08-07,,,1608.0,1.09115
2021-08-08,,,1965.0,1.30958
2021-08-09,,,1495.0,0.95682
2021-08-10,,,1805.0,1.13304
2021-08-11,,,1147.0,0.7770699999999999
2021-08-12,,2.0,4961.0,3.21818
2021-08-13,,3.0,3735.0,2.51808
2021-08-14,,,2311.0,1.53553
2021-08-15,,1.0,2015.0,1.3598000000000001
2021-08-16,,10.0,3130.0,1.96997
2021-08-17,,2.0,3370.0,2.2028
2021-08-18,,2.0,4261.0,2.85334
2021-08-19,,1.0,3038.0,2.0524
2021-08-20,,1.0,3031.0,1.9755
2021-08-21,,,1212.0,0.81464
2021-08-22,,,1525.0,0.94406
2021-08-23,,4.0,2414.0,1.57636
2021-08-24,,3.0,1961.0,1.2941799999999999
2021-08-25,,1.0,1462.0,0.96377
2021-08-26,,2.0,1064.0,0.71513
2021-08-27,,4.0,3379.0,2.34654
2021-08-28,,,1268.0,0.86936
2021-08-29,,,1077.0,0.7129800000000001
2021-08-30,,,2841.0,1.78321
2021-08-31,,2.0,2364.0,1.54639
2021-09-01,,2.0,1986.0,1.3285799999999999
2021-09-02,,3.0,1792.0,1.17442
2021-09-03,,3.0,2624.0,1.72287
2021-09-04,,2.0,4359.0,2.91723
2021-09-05,,,2096.0,1.4425999999999999
2021-09-06,,6.0,3638.0,2.39449
2021-09-07,,1.0,1899.0,1.27651
2021-09-08,,2.0,2241.0,1.4759499999999999
2021-09-09,,,2225.0,1.50799
2021-09-10,,1.0,2182.0,1.4607400000000001
2021-09-11,,1.0,2989.0,1.89504
2021-09-12,,,1984.0,1.34462
2021-09-13,,2.0,3610.0,2.41331
2021-09-14,,1.0,3406.0,2.18003
2021-09-15,,4.0,3498.0,2.2144
2021-09-16,,1.0,2261.0,1.52788
2021-09-17,,2.0,3179.0,2.06507
2021-09-18,,,1541.0,1.0303
2021-09-19,,,1620.0,1.06935
2021-09-20,,5.0,4578.0,3.10174
2021-09-21,,2.0,2543.0,1.74159
2021-09-22,,2.0,2193.0,1.39859
2021-09-23,,2.0,2243.0,1.46047
2021-09-24,,2.0,3015.0,1.9417799999999998
2021-09-25,,,1232.0,0.85453
2021-09-26,,,2030.0,1.37306
2021-09-27,,1.0,1951.0,1.26681
2021-09-28,,3.0,3605.0,2.36837
2021-09-29,,3.0,3635.0,2.34848
2021-09-30,,1.0,1948.0,1.3113000000000001
2021-10-01,,1.0,1612.0,1.04338
2021-10-02,,5.0,8547.0,5.31682
2021-10-03,,,1524.0,1.00661
2021-10-04,,2.0,2933.0,1.81874
2021-10-05,,2.0,2557.0,1.6434
2021-10-06,,6.0,2956.0,1.88882
2021-10-07,,1.0,2765.0,1.82573
2021-10-08,,5.0,11634.0,6.88652
2021-10-09,,17.0,11367.0,7.64154
2021-10-10,,15.0,9760.0,5.88602
2021-10-11,,1.0,4046.0,2.48786
2021-10-12,,1.0,4380.0,2.94137
2021-10-13,,5.0,3676.0,2.40299
2021-10-14,,2.0,3127.0,2.03437
2021-10-15,,1.0,2017.0,1.33558
2021-10-16,,4.0,2559.0,1.68161
2021-10-17,,2.0,1800.0,1.20336
2021-10-18,,3.0,3537.0,2.3315
2021-10-19,,5.0,3253.0,2.18702
2021-10-20,,4.0,3274.0,2.08976
2021-10-21,,2.0,2904.0,1.90532
2021-10-22,,2.0,2745.0,1.75683
2021-10-23,,4.0,2806.0,1.82164
2021-10-24,,3.0,3066.0,1.99618
2021-10-25,,5.0,3375.0,2.1985
2021-10-26,,6.0,2986.0,1.92353
2021-10-27,,4.0,2658.0,1.80063
2021-10-28,,,2487.0,1.64195
2021-10-29,,,1569.0,1.0432
2021-10-30,,4.0,2191.0,1.46603
2021-10-31,,,2588.0,1.64553
2021-11-01,,6.0,3641.0,2.41348
2021-11-02,,5.0,3173.0,2.01301
2021-11-03,,8.0,2826.0,1.74584
2021-11-04,,6.0,3938.0,2.64002
2021-11-05,,4.0,3299.0,2.1431999999999998
2021-11-06,,4.0,3263.0,2.1313
2021-11-07,,,1254.0,0.82755
2021-11-08,,5.0,2293.0,1.52296
2021-11-09,,3.0,2910.0,1.95733
2021-11-10,,5.0,2993.0,1.92879
2021-11-11,,4.0,2327.0,1.5747900000000001
2021-11-12,,3.0,4536.0,2.95009
2021-11-13,,,1554.0,1.0783
2021-11-14,,,1575.0,1.06198
2021-11-15,,1.0,2806.0,1.87971
2021-11-16,,1.0,3707.0,2.45195
2021-11-17,,1.0,2475.0,1.6691099999999999
2021-11-18,,2.0,3512.0,2.35054
2021-11-19,,3.0,3730.0,2.48975
2021-11-20,,,2111.0,1.41442
2021-11-21,,,2050.0,1.3766100000000001
2021-11-22,,3.0,2679.0,1.78133
2021-11-23,,13.0,2881.0,1.88695
2021-11-24,,7.0,5575.0,3.5315499999999997
2021-11-25,,1.0,2336.0,1.5565499999999999
2021-11-26,,1.0,1848.0,1.22508
2021-11-27,,3.0,3294.0,2.11985
2021-11-28,,3.0,2395.0,1.51877
2021-11-29,,1.0,2664.0,1.77155
2021-11-30,,8.0,4015.0,2.65517
2021-12-01,,11.0,6585.0,4.1742
2021-12-02,,4.0,3461.0,2.31369
2021-12-03,,1.0,2556.0,1.64869
2021-12-04,,3.0,3944.0,2.55401
2021-12-05,,,6016.0,3.81323
2021-12-06,,8.0,5156.0,3.392635
2021-12-07,,9.0,4088.0,2.67344
2021-12-08,,2.0,3275.0,2.1980399999999998
2021-12-09,,4.0,4056.0,2.54613
2021-12-10,,3.0,2178.0,1.47398
2021-12-11,,4.0,2751.0,1.81081
2021-12-12,,,2115.0,1.39367
2021-12-13,,4.0,4142.0,2.70359
2021-12-14,,2.0,3784.0,2.51502
2021-12-15,,,2008.0,1.26298
2021-12-16,,4.0,2650.0,1.63828
2021-12-17,,3.0,2634.0,1.73782
2021-12-18,,5.0,3003.0,2.0618
2021-12-19,,,5221.0,3.59595
2021-12-20,,1.0,2926.0,2.02137
2021-12-21,,4.0,3183.0,2.04379
2021-12-22,,6.0,5787.0,3.94969
2021-12-23,,3.0,4129.0,2.6404199999999998
2021-12-24,,2.0,2909.0,1.94916
2021-12-25,,,899.0,0.60607
2021-12-26,,,992.0,0.67953
2021-12-27,,2.0,2582.0,1.77229
2021-12-28,,4.0,3923.0,2.5395
2021-12-29,,6.0,3783.0,2.57081
2021-12-30,,1.0,2604.0,1.63549
2021-12-31,,4.0,5967.0,3.924927
2022-01-01,,,1734.0,1.18058
2022-01-02,,,3904.0,2.764173
2022-01-03,,1.0,3013.0,1.9597600000000002
2022-01-04,,6.0,4556.0,3.0599
2022-01-05,,9.0,4182.0,2.65733
2022-01-06,,4.0,7284.0,4.78087
2022-01-07,,11.0,6443.0,4.09989
2022-01-08,,4.0,2256.0,1.50536
2022-01-09,,,747.0,0.50343
2022-01-10,,5.0,5468.0,3.35964
2022-01-11,,,1484.0,0.97736
2022-01-12,,8.0,4995.0,3.09125
2022-01-13,,2.0,2616.0,1.72215
2022-01-14,,5.0,4447.0,2.87471
2022-01-15,,4.0,6370.0,4.238756
2022-01-16,,,2842.0,1.82883
2022-01-17,,3.0,2626.0,1.77595
2022-01-18,,5.0,2683.0,1.80964
2022-01-19,,7.0,4920.0,3.03882
2022-01-20,,2.0,2816.0,1.7939
2022-01-21,,3.0,3836.0,2.44496
2022-01-22,,,1221.0,0.81989
2022-01-23,,,1056.0,0.70028
2022-01-24,,5.0,4819.0,2.95829
2022-01-25,,8.0,3116.0,1.95898
2022-01-26,,11.0,5926.0,3.6468000000000003
2022-01-27,,2.0,2697.0,1.87342
2022-01-28,,5.0,3289.0,2.36685
2022-01-29,,3.0,3565.0,2.57063
2022-01-30,,,1625.0,1.08395
2022-01-31,,,872.0,0.5983700000000001
2022-02-01,,,1862.0,1.24344
2022-02-02,,,2504.0,1.65104
2022-02-03,,,4441.0,3.1053100000000002
2022-02-04,,4.0,4334.0,3.092556
2022-02-05,,,1728.0,1.17177
2022-02-06,,,1961.0,1.31634
2022-02-07,,1.0,2371.0,1.53808
2022-02-08,,1.0,2066.0,1.33684
2022-02-09,,3.0,4223.0,2.99347
2022-02-10,,2.0,3977.0,2.96305
2022-02-11,,4.0,2921.0,1.93039
2022-02-12,,,1574.0,1.06682
2022-02-13,,,3738.0,2.70791
2022-02-14,,2.0,4893.0,3.10406
2022-02-15,,1.0,2769.0,1.82751
2022-02-16,,2.0,4518.0,2.87817
2022-02-17,,1.0,3920.0,2.56482
2022-02-18,,4.0,3664.0,2.51905
2022-02-19,,,2269.0,1.48578
2022-02-20,,,2411.0,1.62012
2022-02-21,,3.0,3708.0,2.37652
2022-02-22,,,2276.0,1.62832
2022-02-23,,2.0,4709.0,2.98445
2022-02-24,,2.0,2433.0,1.72345
2022-02-25,,,1076.0,0.7244
2022-02-26,,3.0,2520.0,1.7419
2022-02-27,,,1254.0,0.86015
2022-02-28,,4.0,5514.0,3.7330200000000002
2022-03-01,,,701.0,0.46497
2022-03-02,,,711.0,0.48914
2022-03-03,,2.0,5286.0,3.441298
2022-03-04,,3.0,7648.0,5.0776200000000005
2022-03-05,,2.0,3387.0,2.41932
2022-03-06,,,2006.0,1.39597
2022-03-07,,8.0,5272.0,3.62881
2022-03-08,,1.0,3781.0,2.74495
2022-03-09,,,1252.0,0.8712799999999999
2022-03-10,,4.0,4266.0,2.85471
2022-03-11,,,1904.0,1.2869
2022-03-12,,5.0,3773.0,2.63615
2022-03-13,,,10052.0,6.87312
2022-03-14,,1.0,5655.0,4.1567
2022-03-15,,3.0,4272.0,3.07525
2022-03-16,,1.0,5477.0,3.80632
2022-03-17,,,3232.0,2.31488
2022-03-18,,5.0,5196.0,3.59498
2022-03-19,,8.0,4373.0,3.02995
2022-03-20,,6.0,3817.0,2.51132
2022-03-21,,7.0,8157.0,5.3063
2022-03-22,,5.0,5774.0,3.88594
2022-03-23,,6.0,5713.0,3.65318
2022-03-24,,11.0,8609.0,6.00039
2022-03-25,,13.0,3810.0,2.52297
2022-03-26,,,1788.0,1.21721
2022-03-27,,,1235.0,0.8398300000000001
2022-03-28,,4.0,6048.0,3.8081899999999997
2022-03-29,,10.0,2811.0,1.85409
2022-03-30,,13.0,6485.0,4.3057300000000005
2022-03-31,,11.0,4684.0,3.16461
2022-04-01,,5.0,5534.0,3.63672
2022-04-02,,9.0,6836.0,4.39254
2022-04-03,,2.0,5346.0,3.6581099999999998
2022-04-04,,3.0,6162.0,4.02671
2022-04-05,,12.0,4232.0,2.7934
2022-04-06,,11.0,3604.0,2.49243
2022-04-07,,5.0,6386.0,4.02004
2022-04-08,,8.0,6578.0,4.43063
2022-04-09,,7.0,6107.0,4.155797
2022-04-10,,5.0,6500.0,4.19575
2022-04-11,,5.0,5674.0,3.83557
2022-04-12,,9.0,5486.0,3.84801
2022-04-13,,8.0,5766.0,3.9003200000000002
2022-04-14,,9.0,3045.0,2.00495
2022-04-15,,7.0,7475.0,5.02995
2022-04-16,,,1608.0,1.11459
2022-04-17,,,2685.0,1.89675
2022-04-18,,,1914.0,1.3017
2022-04-19,,,4897.0,3.3834999999999997
2022-04-20,,,2011.0,1.39144
2022-04-21,,2.0,4800.0,3.14094
2022-04-22,,8.0,6745.0,4.51867
2022-04-23,,1.0,3733.0,2.50114
2022-04-24,,1.0,4949.0,3.32749
2022-04-25,,,4285.0,2.84736
2022-04-26,,,4023.0,2.79088
2022-04-27,,,2546.0,1.66894
2022-04-28,,1.0,4249.0,2.74293
2022-04-29,,,3889.0,2.64426
2022-04-30,,4.0,7436.0,5.12169
2022-05-01,,3.0,3871.0,2.6122400000000003
2022-05-02,,20.0,6168.0,3.86204
2022-05-03,,,2924.0,1.92153
2022-05-04,,,3765.0,2.53138
2022-05-05,,2.0,5171.0,3.586193
2022-05-06,,,7723.0,5.17179
2022-05-07,,10.0,11520.0,7.5768585
2022-05-08,,5.0,7490.0,4.98016
2022-05-09,,4.0,6532.0,4.2860499999999995
2022-05-10,,7.0,11050.0,7.24347
2022-05-11,,1.0,7128.0,4.81785
2022-05-12,,1.0,5412.0,3.54653
2022-05-13,,4.0,5298.0,3.72871
2022-05-14,,,4063.0,2.86945
2022-05-15,,2.0,3356.0,2.19975
2022-05-16,,11.0,2502.0,1.74167
2022-05-17,,11.0,4107.0,2.66777
2022-05-18,,5.0,4408.0,3.07462
2022-05-19,,7.0,4395.0,2.79802
2022-05-20,,13.0,8600.0,5.53692
2022-05-21,,8.0,2766.0,1.90041
2022-05-22,,8.0,7154.0,5.07257
2022-05-23,,4.0,3723.0,2.57338
2022-05-24,,8.0,5526.0,3.46303
2022-05-25,,7.0,4641.0,3.21074
2022-05-26,,13.0,4048.0,2.57035
2022-05-27,,12.0,3658.0,2.36916
2022-05-28,,6.0,7166.0,4.79544
2022-05-29,,8.0,2618.0,1.80261
2022-05-30,,4.0,5392.0,3.51762
2022-05-31,,6.0,5486.0,3.5092499999999998
2022-06-01,,11.0,4408.0,2.90676
2022-06-02,,7.0,3898.0,2.60938
2022-06-03,,6.0,6048.0,3.94843
2022-06-04,,11.0,3352.0,2.23475
2022-06-05,,5.0,7329.0,4.73887
2022-06-06,,4.0,5761.0,3.8075200000000002
2022-06-07,,5.0,3672.0,2.56996
2022-06-08,,7.0,5547.0,3.59381
2022-06-09,,3.0,3246.0,2.04717
2022-06-10,,6.0,9578.0,6.34372
2022-06-11,,5.0,6687.0,4.30473
2022-06-12,,7.0,10676.0,7.25209
2022-06-13,,2.0,8418.0,5.40901
2022-06-14,,9.0,2164.0,1.4155900000000001
2022-06-15,,3.0,6005.0,3.84076
2022-06-16,,9.0,3862.0,2.53768
2022-06-17,,12.0,4037.0,2.63355
2022-06-19,,5.0,1753.0,1.16964
2022-06-20,,10.0,9400.0,6.3259799999999995
2022-06-21,,4.0,11271.0,7.3616431
2022-06-22,,8.0,13281.0,9.09757
2022-06-23,,13.0,7279.0,4.736999
2022-06-24,,5.0,16483.0,10.77368
2022-06-25,,4.0,8434.0,5.56641
2022-06-26,,5.0,7485.0,4.95196
2022-06-27,,6.0,7397.0,4.697513
2022-06-28,,10.0,9203.0,6.24604
2022-06-29,,26.0,6444.0,4.03594
2022-06-30,,21.0,5630.0,3.6787
2022-07-01,,14.0,5787.0,3.61496
2022-07-02,,45.0,10596.0,6.72848
2022-07-03,,15.0,7351.0,5.0457600000000005
2022-07-04,,2.0,6868.0,4.44661
2022-07-05,,1.0,6091.0,4.0570200000000005
2022-07-06,,3.0,12242.0,8.12468
2022-07-07,,3.0,11275.0,7.1466746
2022-07-08,,8.0,6854.0,4.46199
2022-07-09,,13.0,11349.0,7.36002
2022-07-10,,9.0,10046.0,6.829326
2022-07-11,,9.0,8536.0,5.45045
2022-07-12,,5.0,10748.0,7.44322
2022-07-13,,4.0,8754.0,5.77598
2022-07-14,,7.0,8954.0,6.2228
2022-07-15,,5.0,2720.0,1.75498
2022-07-16,,10.0,10949.0,7.05143
2022-07-17,,8.0,3653.0,2.24537
2022-07-18,,9.0,6986.0,4.65077
2022-07-19,,8.0,5002.0,3.263734
2022-07-20,,33.0,6556.0,4.25277
2022-07-21,,6.0,1633.0,1.05231
2022-07-22,,12.0,2464.0,1.6134
2022-07-23,,7.0,2372.0,1.5696700000000001
2022-07-24,,6.0,2276.0,1.49652
2022-07-25,,8.0,4642.0,3.282453
2022-07-26,,11.0,2495.0,1.60747
2022-07-27,,8.0,2664.0,1.76775
2022-07-28,,14.0,4456.0,2.8671699999999998
2022-07-29,,18.0,2874.0,1.9135
2022-07-30,,16.0,5268.0,3.41849
2022-07-31,,,5644.0,3.86944
2022-08-01,,,4456.0,3.05016
2022-08-02,,,2840.0,1.96787
2022-08-03,,,5143.0,3.35057
2022-08-04,,1.0,2149.0,1.4095900000000001
2022-08-05,,,5938.0,4.12741
2022-08-06,,1.0,5761.0,3.94036
2022-08-07,,1.0,4930.0,3.32036
2022-08-08,,12.0,6201.0,3.98293
2022-08-09,,7.0,7703.0,5.39277
2022-08-10,,2.0,3882.0,2.66659
2022-08-11,,11.0,3602.0,2.33638
2022-08-12,,8.0,2709.0,1.785368
2022-08-13,,7.0,5133.0,3.28723
2022-08-14,,12.0,4282.0,2.80246
2022-08-15,,12.0,4802.0,3.2611
2022-08-16,,9.0,2075.0,1.41792
2022-08-17,,9.0,6581.0,4.19362
2022-08-18,,9.0,8465.0,5.66962
2022-08-19,,7.0,4430.0,2.86794
2022-08-20,,4.0,860.0,0.58334
2022-08-21,,8.0,3586.0,2.39939
2022-08-22,,12.0,5027.0,3.22486
2022-08-23,,5.0,2691.0,1.67153
2022-08-24,,7.0,4117.0,2.68777
2022-08-25,,5.0,5602.0,3.5711
2022-08-26,,9.0,2734.0,1.7816800000000002
2022-08-27,,4.0,8951.0,6.15045
2022-08-28,,16.0,13070.0,8.42333
2022-08-29,,6.0,6312.0,3.99446
2022-08-30,,7.0,3420.0,2.2442
2022-08-31,,8.0,7162.0,4.7596300000000005
2022-09-01,,8.0,6019.0,4.04748
2022-09-02,,6.0,4489.0,2.94272
2022-09-03,,16.0,6107.0,4.079428
2022-09-04,,3.0,6815.0,4.287033
2022-09-05,,15.0,15084.0,10.509159
2022-09-06,,8.0,9511.0,6.22161
2022-09-07,,8.0,4456.0,2.8491400000000002
2022-09-08,,12.0,5915.0,3.87621
2022-09-09,,13.0,8675.0,5.64528
2022-09-10,,8.0,6659.0,4.35344
2022-09-11,,12.0,6525.0,4.315201
2022-09-12,,9.0,3445.0,2.32292
2022-09-13,,9.0,7112.0,4.7512
2022-09-14,,8.0,10795.0,7.17547
2022-09-15,,12.0,4852.0,3.11353
2022-09-16,,12.0,3459.0,2.29152
2022-09-17,,11.0,9115.0,5.575806
2022-09-18,,13.0,9155.0,5.84553
2022-09-19,,7.0,7682.0,5.11682
2022-09-20,,15.0,7862.0,5.11064
2022-09-21,,9.0,4742.0,3.234503
2022-09-22,,9.0,5610.0,3.70471
2022-09-23,,18.0,3520.0,2.25298
2022-09-24,,26.0,10241.0,6.63697
2022-09-25,,4.0,6416.0,4.1357
2022-09-26,,14.0,15157.0,9.147258
2022-09-27,,21.0,15718.0,10.169218
2022-09-28,,19.0,15442.0,10.12513
2022-09-29,,24.0,16142.0,10.53933
2022-09-30,,12.0,15114.0,10.569808
2022-10-01,,20.0,11766.0,8.009109
2022-10-02,,28.0,21743.0,13.690078
2022-10-03,,24.0,14948.0,10.147572
2022-10-04,,18.0,12573.0,8.153053
2022-10-05,,14.0,8914.0,5.7766779
2022-10-06,,10.0,12154.0,8.021568
2022-10-07,,13.0,11276.0,7.613619
2022-10-08,,10.0,8070.0,5.285707
2022-10-09,,8.0,5912.0,3.892575
2022-10-10,,19.0,8405.0,5.541133
2022-10-11,,10.0,7496.0,4.831148
2022-10-12,,15.0,8640.0,5.76962
2022-10-13,,15.0,11966.0,7.81124
2022-10-14,,8.0,7765.0,5.214687
2022-10-15,,,5774.0,3.806436
2022-10-16,,16.0,9540.0,6.210299
2022-10-17,174.534,14.0,9315.0,6.26833
2022-10-18,388.20099999999996,21.0,11908.0,8.543468
2022-10-19,366.841,13.0,11725.0,7.907403
2022-10-20,417.553,19.0,14742.0,9.888846000000001
2022-10-21,338.145,14.0,12504.0,8.440071
2022-10-22,220.012,9.0,7617.0,5.22961867
2022-10-23,157.0,7.0,6380.0,4.404752
2022-10-24,291.974,11.0,10278.0,6.989179
2022-10-25,362.93600000000004,17.0,12978.0,8.27361839
2022-10-26,476.156,22.0,17090.0,11.147712799999999
2022-10-27,277.795,6.0,9891.0,6.4859268
2022-10-28,190.01500000000001,14.0,7361.0,5.086289
2022-10-29,146.88400000000001,10.0,6024.0,3.99974
2022-10-30,177.482,10.0,7376.0,4.991416
2022-10-31,100.19,6.0,3724.0,2.600708
2022-11-01,391.814,20.0,12656.0,8.476359
2022-11-02,332.407,21.0,10797.0,6.999807
2022-11-03,280.2,10.0,10414.0,6.73547
2022-11-04,233.841,12.0,8127.0,5.200361
2022-11-05,240.406,7.0,9470.0,6.210825
2022-11-06,215.724,6.0,7951.0,5.066906
2022-11-07,250.601,7.0,8134.0,5.225166
2022-11-08,236.996,11.0,8984.0,5.721521
2022-11-09,313.068,16.0,10814.0,7.026025000000001
2022-11-10,332.105,10.0,11009.0,7.508988
2022-11-11,157.255,8.0,6288.0,4.130423
2022-11-12,446.5,13.0,15600.0,9.887566
2022-11-13,302.723,14.0,11468.0,7.117469
2022-11-14,297.137,9.0,10398.0,6.635987
2022-11-15,259.463,15.0,9187.0,6.08133
2022-11-16,261.166,18.0,9263.0,6.295281
2022-11-17,205.244,9.0,8032.0,5.191795
2022-11-18,312.23900000000003,17.0,10550.0,6.889924
2022-11-19,269.258,15.0,8885.0,5.797425
2022-11-20,261.536,7.0,10325.0,6.2570356
2022-11-21,319.713,24.0,10290.0,6.987501
2022-11-22,223.436,10.0,7663.0,5.15133
2022-11-23,237.349,14.0,7188.0,4.577833
2022-11-24,226.44400000000002,11.0,8078.0,5.322717
2022-11-25,164.817,5.0,5730.0,3.783204
2022-11-26,26.242,,1363.0,0.95953
2022-11-27,270.738,13.0,8667.0,5.914225
2022-11-28,154.326,14.0,5215.0,3.3232721
2022-11-29,276.133,13.0,10181.0,6.513329
2022-11-30,215.986,7.0,8166.0,5.409502
2022-12-01,262.198,12.0,9825.0,5.973968
2022-12-02,323.724,13.0,11375.0,7.456562
2022-12-03,148.813,15.0,4632.0,3.127508
2022-12-04,81.553,3.0,3363.0,2.2619700000000003
2022-12-05,216.543,11.0,6979.0,4.80292
2022-12-06,135.677,5.0,5600.0,3.68694
2022-12-07,175.933,8.0,6555.0,4.53005
2022-12-08,259.842,11.0,9259.0,6.39276
2022-12-09,190.75,15.0,7722.0,5.115372
2022-12-10,94.928,8.0,3975.0,2.70867
2022-12-11,68.078,7.0,2756.0,1.79195
2022-12-12,385.003,9.0,14854.0,9.8613
2022-12-13,147.23,8.0,6199.0,4.077993
2022-12-14,191.206,16.0,6156.0,4.01955
2022-12-15,189.798,10.0,6551.0,4.42467
2022-12-16,164.752,7.0,5693.0,3.9683100000000002
2022-12-17,349.293,4.0,14020.0,8.718724
2022-12-18,110.948,3.0,4154.0,2.8129750000000002
2022-12-19,124.533,12.0,3844.0,2.64434
2022-12-20,174.106,9.0,5468.0,3.951469
2022-12-21,318.332,23.0,10775.0,7.301224
2022-12-22,175.867,9.0,6088.0,4.1672776
2022-12-23,150.548,7.0,5625.0,3.951859
2022-12-24,161.41,5.0,5576.0,3.9
2022-12-25,225.434,15.0,6318.0,4.552931
2022-12-26,98.071,4.0,3022.0,2.223297
2022-12-27,422.477,18.0,11876.0,8.512559
2022-12-28,216.091,12.0,7408.0,5.0856778
2022-12-29,234.563,6.0,8792.0,6.094937
2022-12-30,264.045,13.0,8656.0,6.092988
2022-12-31,117.131,3.0,4714.0,3.3297
2023-01-01,201.125,2.0,7718.0,5.454708
2023-01-02,177.275,6.0,5765.0,4.133421
2023-01-03,254.147,14.0,7812.0,5.536284
2023-01-04,167.76,7.0,6171.0,4.30176
2023-01-05,117.484,6.0,4565.0,3.1726
2023-01-06,284.879,15.0,8975.0,6.254947
2023-01-07,289.634,17.0,9359.0,6.44594
2023-01-08,198.363,11.0,6414.0,4.53326
2023-01-09,212.089,14.0,6620.0,4.578423
2023-01-10,270.985,16.0,9127.0,6.1835099
2023-01-11,292.996,13.0,9532.0,6.7621747
2023-01-12,233.952,8.0,8563.0,5.884913
2023-01-13,119.693,6.0,4469.0,3.1256079999999997
2023-01-14,218.439,9.0,7515.0,5.231207
2023-01-15,260.439,17.0,8110.0,5.6239129
2023-01-16,311.369,15.0,10560.0,6.974266
2023-01-17,202.46099999999998,10.0,6181.0,4.32393
2023-01-18,221.311,7.0,7734.0,5.40782
2023-01-19,272.414,8.0,9506.0,6.252107
2023-01-20,187.4,6.0,7581.0,5.241644
2023-01-21,158.962,9.0,5084.0,3.69969
2023-01-22,130.69299999999998,15.0,5038.0,3.4861750000000002
2023-01-23,144.356,10.0,5490.0,3.82407
2023-01-24,147.781,10.0,6299.0,4.363569
2023-01-25,49.263,11.0,2124.0,1.43744
2023-01-26,335.547,13.0,10461.0,7.6880268
2023-01-27,45.54,11.0,1587.0,1.0507900000000001
2023-01-28,118.04,9.0,4877.0,3.40761
2023-01-29,201.155,12.0,7976.0,5.48347
2023-01-30,263.793,13.0,9983.0,7.185456
2023-01-31,178.568,11.0,6559.0,4.728386
2023-02-01,157.271,11.0,6341.0,4.37299
2023-02-02,252.627,8.0,9650.0,6.837378999999999
2023-02-03,176.089,4.0,6540.0,4.572167
2023-02-04,52.662,7.0,2248.0,1.52172
2023-02-05,110.991,16.0,4288.0,2.83975
2023-02-06,193.153,10.0,7080.0,4.8786
2023-02-07,154.423,7.0,6542.0,4.39509
2023-02-08,103.36699999999999,5.0,4112.0,2.87369
2023-02-09,145.74,12.0,5448.0,3.85396
2023-02-10,114.874,8.0,4440.0,2.98576
2023-02-11,255.13,13.0,9086.0,6.2847
2023-02-12,98.974,14.0,3683.0,2.50852
2023-02-13,61.046,12.0,2043.0,1.39938
2023-02-14,147.51500000000001,11.0,6053.0,3.98007
2023-02-15,279.568,7.0,10010.0,7.1069335
2023-02-16,206.164,8.0,7242.0,5.239952
2023-02-17,231.993,12.0,8640.0,5.974431
2023-02-18,51.139,15.0,1623.0,1.17533
2023-02-19,146.278,14.0,5022.0,3.454913
2023-02-20,177.128,9.0,6438.0,4.444828
2023-02-21,153.55,8.0,6099.0,4.2641015
2023-02-22,176.558,12.0,6521.0,4.51583
2023-02-23,200.399,14.0,6735.0,4.80869
2023-02-24,181.493,13.0,6830.0,4.920379
2023-02-25,154.226,11.0,5978.0,4.1043520000000004
2023-02-26,370.936,32.0,11728.0,8.178366
2023-02-27,310.696,27.0,9668.0,6.691178
2023-02-28,173.969,17.0,5132.0,3.65911
2023-03-01,135.119,20.0,4196.0,2.90533
2023-03-02,161.732,15.0,4835.0,3.31724
2023-03-03,190.875,10.0,6542.0,4.61316
2023-03-04,134.6,6.0,4211.0,2.934894
2023-03-05,109.346,7.0,4056.0,2.82517
2023-03-06,171.327,11.0,6164.0,4.2923599999999995
2023-03-07,112.001,6.0,4002.0,2.81792
2023-03-08,146.523,10.0,4724.0,3.3296140000000003
2023-03-09,180.077,7.0,6500.0,4.586622
2023-03-10,223.70600000000002,7.0,7772.0,5.102352
2023-03-11,352.199,15.0,11729.0,7.457875
2023-03-12,167.185,12.0,5185.0,3.63923
2023-03-13,189.547,11.0,6113.0,4.269557
2023-03-14,123.68299999999999,6.0,3206.0,2.324264
2023-03-15,227.816,19.0,6649.0,4.733856
2023-03-16,154.41500000000002,8.0,4661.0,3.327831
2023-03-17,225.967,12.0,7631.0,5.52334
2023-03-18,239.27599999999998,17.0,7610.0,5.4485446
2023-03-19,69.537,6.0,2171.0,1.52334
2023-03-20,234.44,14.0,7306.0,5.102018
2023-03-21,216.68,9.0,8603.0,5.567465
2023-03-22,277.013,20.0,8100.0,5.45885
2023-03-23,232.57999999999998,14.0,7339.0,5.21096
2023-03-24,152.48,9.0,5477.0,3.86102
2023-03-25,122.256,13.0,3736.0,2.6024190000000003
2023-03-26,239.642,9.0,7327.0,5.123495
2023-03-27,263.108,15.0,8874.0,6.321096
2023-03-28,128.963,5.0,4734.0,3.422876
2023-03-29,123.866,4.0,4645.0,3.16468
2023-03-30,144.526,6.0,5960.0,4.1331544000000005
2023-03-31,190.758,4.0,7682.0,5.2972470000000005
2023-04-01,179.178,8.0,7569.0,5.15344
2023-04-02,224.124,7.0,7458.0,5.243119
2023-04-03,116.627,8.0,4852.0,3.364048
2023-04-04,63.156000000000006,2.0,2254.0,1.64358
2023-04-05,254.135,19.0,7495.0,5.40938
2023-04-06,155.292,14.0,4148.0,2.92896
2023-04-07,298.507,14.0,9345.0,6.641725
2023-04-08,223.761,13.0,6988.0,5.075799
2023-04-09,168.451,11.0,5596.0,4.06028
2023-04-10,305.285,11.0,9550.0,6.458480000000001
2023-04-11,207.314,13.0,6511.0,4.631733
2023-04-12,165.126,7.0,5570.0,4.00113
2023-04-13,161.733,11.0,5344.0,3.66615
2023-04-14,299.298,17.0,9390.0,6.54364
2023-04-15,84.544,4.0,2806.0,2.028396
2023-04-16,156.299,10.0,5635.0,3.872386
2023-04-17,329.427,12.0,11859.0,7.708022
2023-04-18,148.12900000000002,8.0,3940.0,2.913658
2023-04-19,130.073,6.0,4949.0,3.54133
2023-04-20,173.888,14.0,6051.0,4.207588
2023-04-21,74.243,6.0,3145.0,2.18688
2023-04-22,39.542,,2190.0,1.5239
2023-04-23,78.274,6.0,3488.0,2.43729
2023-04-24,223.456,15.0,7480.0,5.37735
2023-04-25,176.25,15.0,6355.0,4.532456
2023-04-26,193.78199999999998,9.0,7199.0,5.1243637
2023-04-27,94.98,8.0,3151.0,2.2480949999999997
2023-04-28,61.444,4.0,2166.0,1.5118
2023-04-29,138.65,7.0,4675.0,3.41269
2023-04-30,294.511,6.0,9556.0,6.605444
2023-05-01,78.484,4.0,2971.0,2.03673
2023-05-02,79.41,5.0,2605.0,1.8788900000000002
2023-05-03,417.522,16.0,12597.0,9.09648
2023-05-04,97.253,10.0,2607.0,1.90305
2023-05-05,142.904,8.0,3580.0,2.663463
2023-05-06,61.292,3.0,2096.0,1.53754
2023-05-07,90.372,6.0,2993.0,2.19698
2023-05-08,148.541,12.0,4511.0,3.152
2023-05-09,219.171,6.0,8457.0,5.348992
2023-05-10,334.461,13.0,10319.0,7.0187420000000005
2023-05-11,146.002,5.0,5476.0,3.88997
2023-05-12,192.73,9.0,7167.0,4.947488
2023-05-13,326.392,10.0,12891.0,8.729647
2023-05-14,76.011,10.0,3340.0,2.21733
2023-05-15,184.231,9.0,6606.0,4.81622
2023-05-16,131.544,13.0,4598.0,3.15876
2023-05-17,278.057,17.0,8285.0,5.865092
2023-05-18,207.101,7.0,7908.0,5.381624
2023-05-19,266.221,10.0,8423.0,5.54865
2023-05-20,180.619,9.0,6121.0,4.366513
2023-05-21,166.444,6.0,6386.0,4.23073
2023-05-22,265.682,10.0,8850.0,6.073663
2023-05-23,381.268,9.0,14319.0,9.676428
2023-05-24,298.76300000000003,11.0,9872.0,6.7203040000000005
2023-05-25,136.796,4.0,4903.0,3.36884
2023-05-26,360.789,17.0,12392.0,8.767979
2023-05-27,169.469,10.0,6821.0,4.437723
2023-05-28,155.255,14.0,6073.0,4.228130999999999
2023-05-29,131.809,14.0,4646.0,3.2760949999999998
2023-05-30,172.048,8.0,5982.0,4.12993
2023-05-31,242.992,11.0,8629.0,5.8330400000000004
2023-06-01,253.68099999999998,9.0,9120.0,6.0437
2023-06-02,188.607,13.0,6234.0,4.19365
2023-06-03,245.922,15.0,8591.0,5.79604
2023-06-04,316.342,13.0,10413.0,7.126637
2023-06-05,165.508,7.0,5734.0,4.0147520000000005
2023-06-06,301.709,10.0,9463.0,6.13529
2023-06-07,148.764,6.0,5548.0,3.7578620000000003
2023-06-08,264.72,12.0,9241.0,5.94053
2023-06-09,184.235,9.0,6104.0,4.35911
2023-06-10,417.63,19.0,14564.0,9.542087
2023-06-11,82.657,7.0,2100.0,1.55979
2023-06-12,301.304,15.0,8962.0,6.591206
2023-06-13,159.65099999999998,7.0,5194.0,3.6997787
2023-06-14,176.285,9.0,5775.0,3.987724
2023-06-15,271.207,16.0,7851.0,5.80337
2023-06-16,172.32999999999998,10.0,6068.0,4.211777
2023-06-17,58.115,8.0,2058.0,1.51509
2023-06-18,127.692,12.0,5394.0,3.8849906
2023-06-19,154.176,16.0,5104.0,3.69074
2023-06-20,144.361,11.0,4597.0,3.345221
2023-06-21,84.085,1.0,3099.0,2.24433
2023-06-22,207.326,14.0,6816.0,5.200755
2023-06-23,93.835,17.0,3686.0,2.66607
2023-06-24,133.465,,3819.0,2.70093
2023-06-25,153.734,,5981.0,4.484815
2023-06-26,261.639,,9656.0,7.20188
2023-06-27,184.099,,7183.0,5.35446
2023-06-28,116.297,,4846.0,3.5987679999999997
2023-06-29,124.5,,5289.0,3.84534
2023-06-30,203.086,2.0,8013.0,5.86012
2023-07-01,90.528,2.0,3161.0,2.22251
2023-07-02,110.396,17.0,3988.0,2.86193
2023-07-03,202.965,11.0,7187.0,5.17753
2023-07-04,175.942,11.0,6413.0,4.476028
2023-07-05,127.979,7.0,4462.0,3.06299
2023-07-06,199.912,16.0,6853.0,4.86006
2023-07-07,336.843,6.0,10410.0,7.81915
2023-07-08,243.33599999999998,2.0,9150.0,6.469886
2023-07-09,111.873,12.0,4792.0,3.364347
2023-07-10,228.069,16.0,8263.0,5.572
2023-07-11,199.727,5.0,8710.0,5.87511
2023-07-12,118.218,4.0,4427.0,3.20574
2023-07-13,52.138,10.0,1986.0,1.49251
2023-07-14,130.92,5.0,5590.0,3.738615
2023-07-15,257.735,5.0,10190.0,7.128348
2023-07-16,78.39,7.0,2606.0,1.7653400000000001
2023-07-17,198.452,8.0,8692.0,5.88069
2023-07-18,66.572,4.0,3029.0,2.13698
2023-07-19,153.826,12.0,6018.0,4.35657
2023-07-20,65.71000000000001,11.0,2281.0,1.63037
2023-07-21,315.666,7.0,12813.0,9.07205
2023-07-22,114.621,6.0,4105.0,2.8598
2023-07-23,84.941,6.0,4050.0,2.66022
2023-07-24,164.687,17.0,6181.0,4.40995
2023-07-25,205.24,3.0,7210.0,5.22422
2023-07-26,200.086,8.0,6628.0,4.4793
2023-07-27,147.373,7.0,5382.0,3.82178
2023-07-28,281.846,11.0,9378.0,6.7322880000000005
2023-07-29,291.406,13.0,9702.0,6.897782
2023-07-30,249.30599999999998,7.0,8135.0,5.96433
2023-07-31,106.989,14.0,3996.0,2.82204
2023-08-01,145.544,13.0,5475.0,3.842664
2023-08-02,66.482,,2727.0,1.9601600000000001
2023-08-03,172.995,16.0,6203.0,4.42304
2023-08-04,329.106,5.0,12829.0,8.78605
2023-08-05,218.35999999999999,2.0,7899.0,5.532523
2023-08-06,256.438,5.0,10532.0,7.24455
2023-08-07,257.192,8.0,9536.0,6.504995
2023-08-08,185.877,4.0,6879.0,4.88624
2023-08-09,377.496,10.0,13170.0,9.19274
2023-08-10,252.775,5.0,7924.0,5.941438
2023-08-11,175.829,7.0,6011.0,4.325254
2023-08-12,200.452,6.0,7226.0,5.125116
2023-08-13,258.461,7.0,9026.0,6.466846
2023-08-14,89.143,12.0,3276.0,2.2705
2023-08-15,78.394,10.0,3347.0,2.35912
2023-08-16,249.81900000000002,11.0,9100.0,6.25705
2023-08-17,142.233,13.0,4674.0,3.24805
2023-08-18,170.958,12.0,6323.0,4.314666
2023-08-19,98.206,,3904.0,2.77892
2023-08-20,158.13299999999998,10.0,5830.0,4.064599
2023-08-21,80.378,12.0,3426.0,2.34484
2023-08-22,211.76,20.0,7631.0,5.346691
2023-08-23,206.686,13.0,7363.0,5.357967
2023-08-24,86.641,13.0,3361.0,2.35892
2023-08-25,138.24699999999999,19.0,5551.0,3.83338
2023-08-26,115.775,15.0,4442.0,3.08194
2023-08-27,148.056,16.0,5365.0,3.93868
2023-08-28,116.899,10.0,4699.0,3.26145
2023-08-29,88.29299999999999,10.0,3586.0,2.46146
2023-08-30,163.531,12.0,6348.0,4.46769
2023-08-31,54.586,1.0,2416.0,1.63015
2023-09-01,153.577,12.0,5885.0,3.88852
2023-09-02,140.313,6.0,5604.0,3.6481399999999997
2023-09-03,154.51,3.0,6333.0,4.18314
2023-09-04,148.187,15.0,5599.0,3.957449
2023-09-05,94.174,10.0,3570.0,2.45941
2023-09-06,101.422,13.0,3829.0,2.758313
2023-09-07,102.619,7.0,4208.0,3.00562
2023-09-08,125.669,12.0,4580.0,3.18958
2023-09-09,105.136,13.0,3759.0,2.57468
2023-09-10,93.533,15.0,3273.0,2.3232
2023-09-11,92.389,7.0,3959.0,2.80074
2023-09-12,84.007,8.0,3582.0,2.4575
2023-09-13,81.041,6.0,3589.0,2.40116
2023-09-14,101.327,12.0,3573.0,2.5215
2023-09-15,156.602,13.0,5952.0,4.161565
2023-09-16,72.765,8.0,2460.0,1.76271
2023-09-17,57.78,8.0,2435.0,1.7101899999999999
2023-09-18,163.758,9.0,6449.0,4.39542
2023-09-19,103.77,10.0,3817.0,2.651642
2023-09-20,125.706,11.0,4373.0,3.21304
2023-09-21,207.34900000000002,10.0,7652.0,5.38867
2023-09-22,210.442,12.0,8053.0,5.532409
2023-09-23,137.102,9.0,4987.0,3.52908
2023-09-24,140.632,15.0,5891.0,4.09107
2023-09-25,93.601,13.0,3704.0,2.61236
2023-09-26,304.22,12.0,10286.0,7.263474
2023-09-27,65.01,5.0,2827.0,1.93665
2023-09-28,144.852,8.0,5738.0,3.991576
2023-09-29,107.041,13.0,4219.0,2.84639
2023-09-30,180.556,8.0,6403.0,4.2634705
2023-10-01,189.901,6.0,6778.0,4.546201
2023-10-02,142.674,5.0,5150.0,3.423383
2023-10-03,177.13,13.0,5888.0,4.2227
2023-10-04,226.299,6.0,7721.0,5.51973
2023-10-05,216.025,5.0,6841.0,4.78163
2023-10-06,334.171,16.0,10087.0,7.072891
2023-10-07,171.352,3.0,6326.0,4.352565
2023-10-08,321.186,24.0,8842.0,6.316503
2023-10-09,263.33,18.0,9152.0,6.1638399999999995
2023-10-10,237.555,12.0,7388.0,5.1132100000000005
2023-10-11,220.76,7.0,7097.0,4.84109
2023-10-12,188.022,9.0,5962.0,4.0214799999999995
2023-10-13,276.221,11.0,8777.0,6.191766
2023-10-14,59.658,,2176.0,1.516987
2023-10-15,106.747,4.0,3714.0,2.67203
2023-10-16,171.934,8.0,5797.0,4.063953
2023-10-17,98.33500000000001,6.0,3239.0,2.17737
2023-10-18,192.282,10.0,6320.0,4.44255
2023-10-19,227.34,2.0,8734.0,6.19384
2023-10-20,307.401,10.0,9496.0,6.769231
2023-10-21,344.546,,11089.0,7.932386
2023-10-22,391.831,21.0,11656.0,8.12164
2023-10-23,169.513,10.0,5886.0,4.03164
2023-10-24,144.426,10.0,4719.0,3.357619
2023-10-25,181.833,4.0,7441.0,4.93381
2023-10-26,487.969,19.0,13764.0,9.987991
2023-10-27,310.254,7.0,10774.0,7.188643
2023-10-28,173.024,4.0,5116.0,3.6807277
2023-10-29,281.532,6.0,7739.0,5.057369
2023-10-30,338.995,5.0,11351.0,7.436738
2023-10-31,158.217,8.0,4935.0,3.4636171
2023-11-01,270.62,10.0,9559.0,6.630262
2023-11-02,142.807,6.0,4509.0,3.22063
2023-11-03,456.593,18.0,13490.0,9.547361
2023-11-04,407.191,16.0,11109.0,8.358354
2023-11-05,132.373,3.0,4354.0,3.01607
2023-11-06,192.622,5.0,6610.0,4.663657
2023-11-07,329.622,14.0,10275.0,7.25828
2023-11-08,140.364,7.0,3971.0,2.8839509999999997
2023-11-09,377.914,10.0,12096.0,8.565363
2023-11-10,295.848,12.0,9299.0,6.5728599999999995
2023-11-11,103.854,6.0,2977.0,2.17856
2023-11-12,203.54500000000002,6.0,6145.0,4.3407029999999995
2023-11-13,296.167,13.0,9227.0,6.35884
2023-11-14,295.13800000000003,11.0,9410.0,6.7324209999999995
2023-11-15,192.19899999999998,9.0,5744.0,4.25023
2023-11-16,279.94,9.0,8274.0,6.0987919999999995
2023-11-17,441.032,19.0,12839.0,9.41911
2023-11-18,107.61399999999999,5.0,4480.0,2.99498
2023-11-19,62.973,5.0,2026.0,1.55291
2023-11-20,83.103,3.0,2989.0,2.07083
2023-11-21,205.736,8.0,6059.0,4.39746
2023-11-22,221.78,7.0,7324.0,5.199495
2023-11-23,86.007,3.0,2438.0,1.746357
2023-11-24,334.716,12.0,10069.0,7.587093
2023-11-25,152.115,10.0,4364.0,3.18523
2023-11-26,0.716,,118.0,0.08943
2023-11-27,33.585,4.0,919.0,0.67474
2023-11-28,206.62800000000001,5.0,6307.0,4.2475602
2023-11-29,171.396,5.0,5508.0,4.10674
2023-11-30,114.616,3.0,3898.0,2.8804119999999998
2023-12-01,236.187,11.0,7561.0,5.4052857
2023-12-02,168.72400000000002,9.0,5931.0,4.1907190000000005
2023-12-03,98.728,10.0,3787.0,2.59488
2023-12-04,234.235,11.0,7226.0,5.158089
2023-12-05,95.48899999999999,5.0,3187.0,2.224442
2023-12-06,136.994,5.0,4634.0,3.27494
2023-12-07,200.076,6.0,6474.0,4.864141
2023-12-08,278.893,11.0,8705.0,6.359805
2023-12-09,157.65,8.0,5375.0,3.92328
2023-12-10,124.79,7.0,4075.0,2.8688320000000003
2023-12-11,94.242,4.0,3415.0,2.40319
2023-12-12,108.172,9.0,3238.0,2.41809
2023-12-13,128.181,6.0,4093.0,2.88814
2023-12-14,142.74,6.0,5184.0,3.6154
2023-12-15,151.517,7.0,4879.0,3.50335
2023-12-16,9.431,,658.0,0.4525
2023-12-17,388.587,10.0,12962.0,9.564887
2023-12-18,70.24,4.0,2162.0,1.6116599999999999
2023-12-19,109.386,2.0,3957.0,2.75517
2023-12-20,134.213,8.0,4013.0,2.82821
2023-12-21,75.099,,3102.0,2.28119
2023-12-22,188.30700000000002,7.0,5880.0,4.28807
2023-12-23,2.514,,333.0,0.22833
2023-12-24,156.791,5.0,4922.0,3.494887
2023-12-25,255.291,4.0,7686.0,5.604637
2023-12-26,184.967,5.0,4727.0,3.474888
2023-12-27,95.854,4.0,3364.0,2.43787
2023-12-28,121.258,6.0,4143.0,2.8537204
2023-12-29,205.142,11.0,6057.0,4.47202
2023-12-30,260.154,10.0,8074.0,5.6739500000000005
2023-12-31,19.651,,863.0,0.6276499
2024-01-01,8.435,,498.0,0.36475
2024-01-02,105.853,1.0,4055.0,2.9393212
2024-01-03,358.438,12.0,11202.0,7.984386
2024-01-04,124.665,3.0,4689.0,3.4104039999999998
2024-01-05,363.233,15.0,11179.0,7.83028
2024-01-06,181.603,8.0,5583.0,4.0351230000000005
2024-01-07,125.741,5.0,4013.0,3.06089
2024-01-08,149.06,10.0,5370.0,3.904318
2024-01-09,115.402,6.0,3447.0,2.56981
2024-01-10,138.652,4.0,4174.0,3.20636
2024-01-11,260.747,15.0,7323.0,5.49888
2024-01-12,146.415,6.0,4976.0,3.65151
2024-01-13,128.305,4.0,4387.0,3.2210300000000003
2024-01-14,138.01,5.0,4923.0,3.52777
2024-01-15,212.764,8.0,6663.0,4.930775
2024-01-16,223.474,10.0,6515.0,4.840312
2024-01-17,198.915,15.0,6718.0,4.8235504
2024-01-18,78.08500000000001,11.0,3065.0,2.10799
2024-01-19,59.424,14.0,2292.0,1.66883
2024-01-20,88.278,19.0,3468.0,2.46711
2024-01-21,42.382,9.0,1410.0,0.99017
2024-01-22,37.521,9.0,1500.0,1.10261
2024-01-23,94.336,12.0,3124.0,2.335514
2024-01-24,69.376,7.0,2176.0,1.62795
2024-01-25,181.12,8.0,6404.0,4.741721
2024-01-26,48.602,9.0,2058.0,1.491478
2024-01-27,54.766,14.0,1494.0,1.12128
2024-01-28,76.94500000000001,12.0,3116.0,2.22513
2024-01-29,76.138,13.0,2390.0,1.7054657
2024-01-30,57.601,7.0,2025.0,1.487939
2024-01-31,89.624,12.0,3256.0,2.32984
2024-02-01,80.018,6.0,3266.0,2.4403898
2024-02-02,94.94800000000001,9.0,3677.0,2.7623599999999997
2024-02-03,85.976,15.0,2866.0,2.175488
2024-02-04,63.1,12.0,2438.0,1.82318
2024-02-05,107.081,14.0,4060.0,3.009496
2024-02-06,399.841,6.0,14579.0,10.3347994
2024-02-07,87.593,15.0,3238.0,2.346813
2024-02-08,169.063,16.0,5529.0,4.2281439999999995
2024-02-09,120.12599999999999,11.0,4292.0,3.193103
2024-02-10,83.907,10.0,2798.0,2.06092
2024-02-11,80.348,9.0,2847.0,2.12816
2024-02-12,225.18,16.0,7149.0,5.3379459
2024-02-13,191.606,12.0,6063.0,4.552467
2024-02-14,154.192,6.0,4693.0,3.44053
2024-02-15,35.102,1.0,1287.0,0.97265
2024-02-16,95.561,2.0,3244.0,2.46992
2024-02-17,42.826,2.0,1609.0,1.16392
2024-02-18,330.537,15.0,8616.0,6.3396
2024-02-19,178.506,10.0,5043.0,3.7757519999999998
2024-02-20,191.689,11.0,5464.0,3.923489
2024-02-21,174.587,10.0,5245.0,3.95474
2024-02-22,221.332,7.0,7233.0,5.18941
2024-02-23,112.524,5.0,3749.0,2.8367299999999998
2024-02-24,202.106,6.0,6979.0,4.85187
2024-02-25,157.251,2.0,4646.0,3.0405699999999998
2024-02-26,47.147,1.0,1841.0,1.241341
2024-02-27,294.536,12.0,7755.0,5.7392337
2024-02-28,160.196,8.0,5318.0,3.653336
2024-02-29,142.577,8.0,4783.0,3.32413
2024-03-01,227.071,10.0,6858.0,4.980176
2024-03-02,198.50300000000001,6.0,6130.0,4.212557
2024-03-03,121.042,5.0,3915.0,2.84196
2024-03-04,392.046,18.0,11848.0,8.5076118
2024-03-05,186.031,8.0,6334.0,4.514931
2024-03-06,166.15800000000002,8.0,5264.0,3.946126
2024-03-07,172.965,8.0,5522.0,4.091549
2024-03-08,179.909,11.0,5309.0,3.7004799999999998
2024-03-09,145.036,4.0,4552.0,3.42889
2024-03-10,190.70499999999998,8.0,6198.0,4.261375
2024-03-11,209.786,15.0,6425.0,4.459271
2024-03-12,204.32,9.0,6344.0,4.45375
2024-03-13,173.335,7.0,5849.0,4.281076
2024-03-14,192.51500000000001,7.0,6359.0,4.51898
2024-03-15,249.383,11.0,7429.0,5.481407
2024-03-16,215.951,9.0,6650.0,4.839638
2024-03-17,280.813,14.0,7932.0,6.029184
2024-03-18,368.986,13.0,11354.0,8.189109
2024-03-19,221.436,11.0,6860.0,4.8389940000000005
2024-03-20,291.857,11.0,8040.0,5.96633
2024-03-21,198.357,10.0,6167.0,4.348864
2024-03-22,336.383,14.0,10054.0,7.4696620000000005
2024-03-23,274.256,12.0,8305.0,6.10721
2024-03-24,179.213,6.0,7207.0,5.089688
2024-03-25,75.427,5.0,2355.0,1.770859
2024-03-26,169.839,14.0,4315.0,3.00924
2024-03-27,96.37100000000001,5.0,3361.0,2.3900794
2024-03-28,195.375,,6310.0,4.12925
2024-03-29,158.042,5.0,5261.0,3.490643
2024-03-30,193.343,1.0,5842.0,3.9921
2024-03-31,141.341,6.0,4204.0,2.832584
2024-04-01,303.919,18.0,8552.0,5.789245
2024-04-02,211.876,12.0,7204.0,5.10874
2024-04-03,149.975,5.0,5110.0,3.57748
2024-04-04,180.32,9.0,5679.0,3.927328
2024-04-05,248.94,13.0,7988.0,5.553234
2024-04-06,109.663,3.0,4438.0,3.1378736
2024-04-07,110.534,11.0,3767.0,2.683985
2024-04-08,56.882,8.0,1976.0,1.42621
2024-04-09,88.482,9.0,3360.0,2.3680046999999997
2024-04-10,139.356,9.0,5452.0,3.9302838
2024-04-11,234.583,28.0,6140.0,4.356706
2024-04-12,191.949,12.0,7227.0,5.222648
2024-04-13,112.902,7.0,4220.0,2.95254
2024-04-14,141.963,10.0,5433.0,3.8316614
2024-04-15,226.21200000000002,14.0,6851.0,4.9338750000000005
2024-04-16,339.353,14.0,10409.0,7.368443
2024-04-17,276.618,10.0,10451.0,7.026643
2024-04-18,290.029,8.0,9738.0,6.652643
2024-04-19,213.804,10.0,7107.0,4.723572
2024-04-20,244.368,11.0,7481.0,5.53552
2024-04-21,84.329,4.0,2697.0,1.947836
2024-04-22,130.241,7.0,4248.0,3.006233
2024-04-23,216.976,10.0,6508.0,4.697819
2024-04-24,224.986,6.0,7304.0,4.955221
2024-04-25,258.829,11.0,8473.0,5.87566
2024-04-26,152.477,5.0,5313.0,3.75196
2024-04-27,250.507,8.0,7106.0,5.199793
2024-04-28,318.728,13.0,10174.0,7.201818
2024-04-29,139.255,5.0,5108.0,3.716641
2024-04-30,197.909,6.0,6305.0,4.371517
2024-05-01,242.481,9.0,8030.0,5.855443
2024-05-02,228.444,8.0,7475.0,5.172048
2024-05-03,263.257,9.0,9018.0,6.135881
2024-05-04,226.492,6.0,8080.0,5.602067
2024-05-05,373.39300000000003,12.0,10456.0,7.409565
2024-05-06,208.017,8.0,6786.0,4.6559
2024-05-07,317.378,12.0,10143.0,6.978426
2024-05-08,223.24,10.0,7584.0,5.047916
2024-05-09,103.366,1.0,4256.0,2.930331
2024-05-10,302.121,12.0,9617.0,6.8742
2024-05-11,250.624,10.0,8904.0,6.4395185999999995
2024-05-12,145.848,,6516.0,4.113556
2024-05-13,141.072,2.0,5810.0,3.66134
2024-05-14,232.755,9.0,8178.0,5.413842
2024-05-15,214.251,11.0,7246.0,5.07254
2024-05-16,378.824,10.0,12314.0,8.6841059
2024-05-17,396.977,19.0,11632.0,8.32861
2024-05-18,528.534,14.0,15074.0,11.010972
2024-05-19,417.04,8.0,14441.0,10.112684999999999
2024-05-20,168.936,5.0,5797.0,3.95657
2024-05-21,160.007,7.0,5395.0,3.65878
2024-05-22,105.309,4.0,3871.0,2.6766900000000002
2024-05-23,106.607,3.0,3438.0,2.49577
2024-05-24,166.007,8.0,5547.0,3.806356
2024-05-25,291.705,11.0,9438.0,6.375255
2024-05-26,254.43200000000002,12.0,8345.0,5.838825
2024-05-27,247.351,12.0,8906.0,6.043477
2024-05-28,303.104,12.0,9690.0,6.632764
2024-05-29,290.721,11.0,9735.0,6.704383
2024-05-30,349.601,18.0,11677.0,8.0378077
2024-05-31,245.267,11.0,8666.0,5.6799290000000004
2024-06-01,235.142,6.0,8993.0,6.01221
2024-06-02,262.218,10.0,8889.0,5.98496
2024-06-03,309.316,9.0,10507.0,7.21422
2024-06-04,363.83,13.0,11642.0,8.049469
2024-06-05,421.262,20.0,13690.0,9.20835
2024-06-06,302.757,11.0,9583.0,6.556352
2024-06-07,413.604,23.0,13121.0,9.11224
2024-06-08,243.979,11.0,8275.0,5.749326
2024-06-09,327.873,16.0,10452.0,7.233568
2024-06-10,277.982,11.0,8661.0,6.370745
2024-06-11,123.07300000000001,7.0,3916.0,2.714381
2024-06-12,224.18800000000002,7.0,7777.0,5.309754
2024-06-13,178.649,3.0,7461.0,5.111275
2024-06-14,130.606,9.0,5488.0,3.6801600000000003
2024-06-15,109.795,1.0,4296.0,3.2193199999999997
2024-06-16,57.49,,2946.0,2.15221
2024-06-17,79.976,,3637.0,2.5637
2024-06-18,121.31099999999999,,3734.0,2.52575
2024-06-19,191.349,2.0,5981.0,4.21795
2024-06-20,125.375,,5670.0,4.04222
2024-06-21,38.974,,1917.0,1.36772
2024-06-22,194.17,13.0,6481.0,4.511477
2024-06-23,100.566,,4173.0,2.887957
2024-06-24,97.575,15.0,3679.0,2.58792
2024-06-25,91.481,15.0,3289.0,2.31641
2024-06-26,49.735,9.0,1875.0,1.31119
2024-06-27,63.708,12.0,2081.0,1.46725
2024-06-28,65.40899999999999,12.0,2299.0,1.60577
2024-06-29,180.397,15.0,6362.0,4.90449
2024-06-30,171.858,11.0,6362.0,4.556766
2024-07-01,129.201,6.0,5474.0,3.69603
2024-07-02,68.878,6.0,3038.0,2.13707
2024-07-03,162.827,7.0,6617.0,4.49137
2024-07-04,78.749,11.0,3249.0,2.25961
2024-07-05,108.807,6.0,4767.0,3.30157
2024-07-06,178.04,8.0,6517.0,4.74348
2024-07-07,150.978,12.0,6127.0,4.42178
2024-07-08,120.749,7.0,5085.0,3.55225
2024-07-09,189.247,11.0,7383.0,5.125809
2024-07-10,98.215,10.0,3994.0,2.80004
2024-07-11,101.271,15.0,3693.0,2.694152
2024-07-12,122.172,10.0,4999.0,3.5655699999999997
2024-07-13,274.374,20.0,10285.0,7.02125
2024-07-14,160.505,8.0,6042.0,4.1117
2024-07-15,139.347,13.0,4946.0,3.4530335
2024-07-16,70.357,6.0,2847.0,1.97971
2024-07-17,161.092,10.0,6161.0,4.3915880000000005
2024-07-18,166.347,8.0,6053.0,4.434769
2024-07-19,196.504,11.0,7553.0,5.383919
2024-07-20,98.985,20.0,3385.0,2.47629
2024-07-21,121.845,7.0,4865.0,3.47819
2024-07-22,36.228,2.0,1569.0,1.11765
2024-07-23,94.9,2.0,4127.0,2.774658
2024-07-24,152.186,2.0,6239.0,4.1174
2024-07-25,115.042,7.0,5094.0,3.54873
2024-07-26,144.386,20.0,4442.0,3.08203
2024-07-27,170.835,8.0,6816.0,4.795839
2024-07-28,149.239,9.0,5024.0,3.724245
2024-07-29,208.726,19.0,7153.0,5.18157
2024-07-30,175.023,11.0,6388.0,4.566583
2024-07-31,152.22899999999998,11.0,5136.0,3.6823519
2024-08-01,162.201,12.0,5949.0,4.3644
2024-08-02,142.739,16.0,4752.0,3.5160590000000003
2024-08-03,93.33500000000001,9.0,3545.0,2.407335
2024-08-04,108.014,7.0,4222.0,2.9869611000000003
2024-08-05,133.03,11.0,5128.0,3.58613
2024-08-06,160.881,6.0,6769.0,4.53265
2024-08-07,140.293,2.0,5347.0,3.772861
2024-08-08,109.70400000000001,6.0,4918.0,3.4530722000000003
2024-08-09,89.788,5.0,3725.0,2.6871195
2024-08-10,121.086,6.0,4670.0,3.3636337
2024-08-11,145.815,3.0,5563.0,4.02749
2024-08-12,170.287,8.0,5836.0,4.3611
2024-08-13,125.999,5.0,4827.0,3.489716
2024-08-14,91.289,6.0,3563.0,2.57781
2024-08-15,192.655,8.0,7827.0,5.33708
2024-08-16,269.189,11.0,9689.0,6.729898
2024-08-17,132.864,4.0,5601.0,3.9065512
2024-08-18,213.035,15.0,8370.0,6.051046
2024-08-19,171.9,20.0,6494.0,4.49516
2024-08-20,164.69299999999998,20.0,6198.0,4.2983
2024-08-21,103.42099999999999,7.0,2922.0,2.06426
2024-08-22,17.464000000000002,,882.0,0.61641
2024-08-23,14.553,,680.0,0.47024
2024-08-24,27.07,,1236.0,0.82941
2024-08-25,53.451,7.0,2277.0,1.61234
2024-08-26,239.956,16.0,8978.0,6.027135
2024-08-27,124.417,13.0,4715.0,3.33851
2024-08-28,62.819,9.0,2191.0,1.5481
2024-08-29,121.25,14.0,4917.0,3.40572
2024-08-30,245.68,12.0,8839.0,6.009853
2024-08-31,219.272,23.0,7043.0,4.976729
2024-09-01,106.538,16.0,4284.0,3.08899
2024-09-02,120.269,14.0,4605.0,3.266303
2024-09-03,177.019,11.0,6263.0,4.539715
2024-09-04,220.05,8.0,8550.0,5.994821
2024-09-05,131.029,4.0,5414.0,3.5360300000000002
2024-09-06,133.306,7.0,4151.0,2.943322
2024-09-07,236.816,11.0,8216.0,5.662521
2024-09-08,108.551,11.0,4140.0,2.911634
2024-09-09,255.584,14.0,7949.0,5.60479
2024-09-10,101.673,12.0,4015.0,2.8829000000000002
2024-09-11,134.623,13.0,5216.0,3.72727
2024-09-12,135.052,13.0,5178.0,3.68232
2024-09-13,152.082,19.0,5833.0,4.14989
2024-09-14,142.276,4.0,6646.0,4.63423
2024-09-15,66.301,5.0,2681.0,1.9214799999999999
2024-09-16,95.607,9.0,3627.0,2.57325
2024-09-17,97.439,10.0,4085.0,2.85254
2024-09-18,155.824,13.0,6489.0,4.6450000000000005
2024-09-19,119.272,8.0,4569.0,3.263149
2024-09-20,149.257,12.0,5858.0,4.12794
2024-09-21,485.404,18.0,14389.0,10.342321
2024-09-22,158.875,6.0,4509.0,3.173063
2024-09-23,236.576,15.0,7232.0,4.84863
2024-09-24,165.192,14.0,5153.0,3.4926500000000003
2024-09-25,389.14,20.0,11029.0,7.460464
2024-09-26,214.712,16.0,6799.0,4.5374870000000005
2024-09-27,298.255,21.0,9569.0,6.32802
2024-09-28,262.343,13.0,8623.0,5.994327
2024-09-29,151.453,11.0,4937.0,3.381636
2024-09-30,174.65,14.0,5597.0,3.74357
2024-10-01,249.896,21.0,6989.0,4.8449741
2024-10-02,271.972,16.0,8323.0,5.685726
2024-10-03,191.603,17.0,5116.0,3.6044223
2024-10-04,340.099,17.0,10613.0,7.3216391
2024-10-05,278.351,18.0,7840.0,5.220633
2024-10-06,123.437,3.0,4256.0,2.850468
2024-10-07,258.373,18.0,7313.0,4.86568
2024-10-08,286.697,15.0,8942.0,5.9737
2024-10-09,266.927,16.0,7942.0,5.41284
2024-10-10,328.471,19.0,10852.0,7.443644
2024-10-11,228.826,5.0,8813.0,5.9014448
2024-10-12,217.99699999999999,16.0,6346.0,4.378004
2024-10-13,178.484,14.0,5382.0,3.62225
2024-10-14,228.524,17.0,6505.0,4.650479
2024-10-15,337.262,28.0,8414.0,5.7692746
2024-10-16,232.34,9.0,7468.0,5.293051
2024-10-17,202.212,9.0,6417.0,4.64068
2024-10-18,226.518,11.0,6875.0,5.041951
2024-10-19,192.929,13.0,5414.0,3.974573
2024-10-20,291.804,12.0,8396.0,6.172097
2024-10-21,148.525,7.0,4603.0,3.34973
2024-10-22,239.263,24.0,5738.0,4.24836
2024-10-23,157.167,9.0,4493.0,3.364508
2024-10-24,198.377,7.0,6561.0,4.65322
2024-10-25,49.142,3.0,1964.0,1.41025
2024-10-26,43.616,8.0,1678.0,1.19359
2024-10-27,92.017,7.0,3773.0,2.5870237
2024-10-28,99.205,9.0,3909.0,2.79051
2024-10-29,55.791,5.0,2366.0,1.632433
2024-10-30,149.57399999999998,12.0,4935.0,3.58599
2024-10-31,209.776,12.0,6712.0,4.773275
2024-11-01,225.534,13.0,6534.0,4.58678
2024-11-02,177.843,11.0,5946.0,4.23721
2024-11-03,256.755,20.0,6594.0,4.815894
2024-11-04,199.164,13.0,5525.0,4.10449
2024-11-05,229.869,21.0,5859.0,4.45637
2024-11-06,168.977,6.0,5433.0,3.944869
2024-11-07,230.841,10.0,6806.0,4.8441249
2024-11-08,208.947,12.0,5826.0,4.22384
2024-11-09,232.278,11.0,6733.0,4.966979
2024-11-10,178.286,15.0,4505.0,3.308818
2024-11-11,164.815,17.0,4629.0,3.38296
2024-11-12,220.452,13.0,5952.0,4.46957
2024-11-13,306.735,16.0,8637.0,6.35388
2024-11-14,205.549,9.0,6397.0,4.5640600000000004
2024-11-15,210.11,8.0,6912.0,5.03557
2024-11-16,232.085,15.0,6937.0,5.15898
2024-11-17,156.687,7.0,4880.0,3.4586041
2024-11-18,273.661,14.0,8183.0,5.935538
2024-11-19,218.495,21.0,6563.0,4.608605
2024-11-20,192.22,7.0,6675.0,4.83185
2024-11-21,102.239,8.0,2597.0,1.84623
2024-11-22,171.804,12.0,4649.0,3.490001
2024-11-23,189.06799999999998,13.0,5889.0,4.234481
2024-11-24,118.46,14.0,2815.0,2.00791
2024-11-25,177.666,8.0,5207.0,3.75225
2024-11-26,333.207,20.0,8595.0,6.52098
2024-11-27,179.625,6.0,5551.0,4.2026900000000005
2024-11-28,83.989,1.0,2472.0,2.0223
2024-11-29,78.069,1.0,3306.0,2.39616
2024-11-30,49.539,8.0,1570.0,1.15889
2024-12-01,86.857,9.0,3513.0,2.5817883
2024-12-02,221.777,16.0,7054.0,5.2078
2024-12-03,136.617,7.0,4341.0,3.13811
2024-12-04,190.054,15.0,5003.0,3.7565399999999998
2024-12-05,219.268,7.0,6513.0,5.01938
2024-12-06,179.628,4.0,6575.0,4.67458
2024-12-07,278.236,13.0,8049.0,6.01412
2024-12-08,154.06,8.0,4689.0,3.480483
2024-12-09,204.095,18.0,5568.0,3.95493
2024-12-10,141.415,14.0,3221.0,2.50892
2024-12-11,148.344,5.0,4711.0,3.43465
2024-12-12,314.64300000000003,15.0,9069.0,6.669907
2024-12-13,223.393,9.0,6370.0,4.68823
2024-12-14,179.173,18.0,4968.0,3.61388
2024-12-15,106.786,12.0,2410.0,1.76403
2024-12-16,150.779,4.0,5387.0,3.78647
2024-12-17,207.883,17.0,5408.0,4.00378
2024-12-18,145.436,6.0,4973.0,3.61149
2024-12-19,191.667,13.0,6869.0,5.122664
2024-12-20,75.063,6.0,2961.0,2.2182193
2024-12-21,100.566,5.0,3735.0,2.81826
2024-12-22,135.154,13.0,4749.0,3.59049
2024-12-23,216.004,19.0,7337.0,5.38614
2024-12-24,198.156,14.0,5220.0,3.75531
2024-12-25,302.808,21.0,8214.0,5.967232
2024-12-26,178.541,9.0,5608.0,3.87317
2024-12-27,148.765,12.0,4366.0,3.14898
2024-12-28,139.566,7.0,4294.0,3.2880000000000003
2024-12-29,171.735,9.0,5484.0,3.94884
2024-12-30,116.703,11.0,2941.0,2.13729
2024-12-31,186.072,22.0,4417.0,3.24596
2025-01-01,161.113,9.0,4760.0,3.5180100000000003
2025-01-02,153.009,4.0,5218.0,3.76092
2025-01-03,260.443,16.0,7284.0,5.45574
